{
  "model": "distilbert-base-uncased",
  "task": "Tone classification (5 classes)",
  "accuracy": 0.9733,
  "report": {
    "Casual": {
      "precision": 0.9886363636363636,
      "recall": 0.9666666666666667,
      "f1-score": 0.9775280898876404,
      "support": 90.0
    },
    "Humorous": {
      "precision": 1.0,
      "recall": 0.9333333333333333,
      "f1-score": 0.9655172413793104,
      "support": 90.0
    },
    "Inspirational": {
      "precision": 0.9565217391304348,
      "recall": 0.9777777777777777,
      "f1-score": 0.967032967032967,
      "support": 90.0
    },
    "Professional": {
      "precision": 1.0,
      "recall": 0.9888888888888889,
      "f1-score": 0.994413407821229,
      "support": 90.0
    },
    "Urgent": {
      "precision": 0.9278350515463918,
      "recall": 1.0,
      "f1-score": 0.9625668449197861,
      "support": 90.0
    },
    "accuracy": 0.9733333333333334,
    "macro avg": {
      "precision": 0.9745986308626382,
      "recall": 0.9733333333333334,
      "f1-score": 0.9734117102081866,
      "support": 450.0
    },
    "weighted avg": {
      "precision": 0.9745986308626381,
      "recall": 0.9733333333333334,
      "f1-score": 0.9734117102081865,
      "support": 450.0
    }
  },
  "labels": {
    "Casual": 0,
    "Humorous": 1,
    "Inspirational": 2,
    "Professional": 3,
    "Urgent": 4
  }
}